Last Week Tonight with John Oliver Presents a Day in the Life of Marlon Bundo;Jill Twiss;4,982
True Roots: A Mindful Kitchen with More Than 100 Recipes Free of Gluten, Dairy, and Refined Sugar;Kristin Cavallari;23
The Confidence Code for Girls: Taking Risks, Messing Up, and Becoming Your Amazingly Imperfect, Totally Powerful Self;Katty Kay;6
12 Rules for Life: An Antidote to Chaos;Jordan B. Peterson;1,810
Ready Player One: A Novel;Ernest Cline;16,690
Factfulness: Ten Reasons We're Wrong About the World--and Why Things Are Better Than You Think;Hans Rosling;2
The Subtle Art of Not Giving a F*ck: A Counterintuitive Approach to Living a Good Life;Mark Manson;3,329
The Rational Bible: Exodus;Dennis Prager;39
Magnolia Table: A Collection of Recipes for Gathering;Joanna Gaines;Not available
The 5 Love Languages: The Secret to Love that Lasts;Gary Chapman;12,666
Girl, Wash Your Face: Stop Believing the Lies About Who You Are so You Can Become Who You Were Meant to Be;Rachel Hollis;1,191
A Higher Loyalty: Truth, Lies, and Leadership;James Comey;Not available
I'll Be Gone in the Dark: One Woman's Obsessive Search for the Golden State Killer;Michelle McNamara;216
You Are a Badass: How to Stop Doubting Your Greatness and Start Living an Awesome Life;Jen Sincero;3,391
Little Fires Everywhere;Celeste Ng;2,202
Killing the Deep State: The Fight to Save President Trump;Jerome R. Corsi;437
The Complete Ketogenic Diet for Beginners: Your Essential Guide to Living the Keto Lifestyle;Amy Ramos;708
First 100 Words;Roger Priddy;7,826
Does It Fart?: The Definitive Field Guide to Animal Flatulence;Nick Caruso;6
The Very Hungry Caterpillar;Eric Carle;3,404
How to Win Friends & Influence People;Dale Carnegie;6,935
Unified: How Our Unlikely Friendship Gives Us Hope for a Divided Country;Tim Scott;8
Giraffes Can't Dance;Giles Andreae;3,839
A Wrinkle in Time (Time Quintet);Madeleine L'Engle;2,984
Player's Handbook (Dungeons & Dragons);Wizards RPG Team;2,528
Goodnight Moon;Margaret Wise Brown;3,106
The Whole30: The 30-Day Guide to Total Health and Food Freedom;Melissa Hartwig;3,208
The Four Agreements: A Practical Guide to Personal Freedom (A Toltec Wisdom Book);Don Miguel Ruiz;6,852
The Wonderful Things You Will Be;Emily Winfield Martin;1,454
Tiger Woods;Jeff Benedict;28
50 Ways to Get a Job: An Unconventional Guide to Finding Work on Your Terms;Dev Aujla;25
Milk and Honey;Rupi Kaur;5,396
Dear Zoo: A Lift-the-Flap Book;Rod Campbell;2,555
Strength in Stillness: The Power of Transcendental Meditation;Bob Roth;191
Michael Symon's Playing with Fire: BBQ and More from the Grill, Smoker, and Fireplace;Michael Symon;1
Russian Roulette: The Inside Story of Putin's War on America and the Election of Donald Trump;Michael Isikoff;259
Man's Search for Meaning;Viktor E. Frankl;4,100
Before We Were Yours: A Novel;Lisa Wingate;6,061
Dungeon Master's Guide (D&D Core Rulebook);Wizards RPG Team;1,142
Make Trouble: Standing Up, Speaking Out, and Finding the Courage to Lead--My Life Story;Cecile Richards;3
The Keto Diet: The Complete Guide to a High-Fat Diet, with More Than 125 Delectable Recipes and 5 Meal Plans to Shed Weight, Heal Your Body, and Regain Confidence;Leanne Vogel;1,465
The Official SAT Study Guide, 2018 Edition (Official Study Guide for the New Sat);The College Board;225
Xanathar's Guide to Everything;Wizards RPG Team;368
Food: What the Heck Should I Eat?;Mark Hyman M.D.;210
"The Plant Paradox: The Hidden Dangers in ""Healthy"" Foods That Cause Disease and Weight Gain";Dr. Steven R Gundry;1,279
Dear Madam President: An Open Letter to the Women Who Will Run the World;Jennifer Palmieri;44
The Instant Pot Electric Pressure Cooker Cookbook: Easy Recipes for Fast & Healthy Meals;Laurel Randolph;2,256
Dog Man and Cat Kid: From the Creator of Captain Underpants (Dog Man #4);Dav Pilkey;382
Monster Manual (D&D Core Rulebook);Wizards RPG Team;1,126
StrengthsFinder 2.0;Tom Rath;3,427
Principles: Life and Work;Ray Dalio;475
History of the Black Dollar;Angel Rich;7
Wonder;R. J. Palacio;12,652
The Total Money Makeover: Classic Edition: A Proven Plan for Financial Fitness;Dave Ramsey;5,729
Everybody, Always: Becoming Love in a World Full of Setbacks and Difficult People;Bob Goff;Not available
The Sun and Her Flowers;Rupi Kaur;685
The Great Alone: A Novel;Kristin Hannah;1,831
The Pout-Pout Fish;Deborah Diesen;2,297
Beneath a Scarlet Sky: A Novel;Mark Sullivan;17,284
Love You Forever;Robert Munsch;6,281
Potty (Leslie Patricelli board books);Leslie Patricelli;2,987
Fascism: A Warning;Madeleine Albright;Not available
Unfu*k Yourself: Get Out of Your Head and into Your Life;Gary John Bishop;540
Brown Bear, Brown Bear, What Do You See?;Bill Martin Jr.;2,657
Children of Blood and Bone (Legacy of Orisha);Tomi Adeyemi;317
The 7 Habits of Highly Effective People: Powerful Lessons in Personal Change;Stephen R. Covey;4,868
Lettering and Modern Calligraphy: A Beginner's Guide: Learn Hand Lettering and Brush Lettering;Paper Peony Press;185
The Alchemist;Paulo Coelho;11,670
A Gentleman in Moscow: A Novel;Amor Towles;7,815
What to Expect When You're Expecting;Heidi Murkoff;3,911
Fahrenheit 451;Ray Bradbury;3,357
Oh, the Places You'll Go!;Dr. Seuss;4,019
Secret Empires: How the American Political Class Hides Corruption and Enriches Family and Friends;Peter Schweizer;82
Am I There Yet?: The Loop-de-loop, Zigzagging Journey to Adulthood;Mari Andrew;25
This Is Me: Loving the Person You Are Today;Chrissy Metz;31
The Care and Keeping of You: The Body Book for Younger Girls, Revised Edition;Valorie Schaefer;2,461
Emotional Intelligence 2.0;Travis Bradberry;1,105
Welcome Little One;Sandra Magsamen;127
Big Preschool Workbook;School Zone Staff;717
Jesus Calling: Enjoying Peace in His Presence;Sarah Young;16,590
Discrimination and Disparities;Thomas Sowell;21
Enlightenment Now: The Case for Reason, Science, Humanism, and Progress;Steven Pinker;223
The Gifts of Imperfection: Let Go of Who You Think You're Supposed to Be and Embrace Who You Are;BrenĂŠ Brown;3,714
Educated: A Memoir;Tara Westover;558
In Conclusion, Don't Worry About It;Lauren Graham;3
Astrophysics for People in a Hurry;Neil deGrasse Tyson;2,621
I've Loved You Since Forever;Hoda Kotb;99
10-Day Green Smoothie Cleanse;JJ Smith;8,708
The Body Keeps the Score: Brain, Mind, and Body in the Healing of Trauma;Bessel van der Kolk;1,503
Baby Touch and Feel: Animals;DK;1,632
The Life-Changing Magic of Tidying Up: The Japanese Art of Decluttering and Organizing;Marie KondĹ;12,947
An Absolutely Remarkable Thing (Signed Edition): A Novel;Hank Green;Not available
The Hate U Give;Angie Thomas;1,743
Medical Medium Thyroid Healing: The Truth behind Hashimoto's, Graves', Insomnia, Hypothyroidism, Thyroid Nodules & Epstein-Barr;Anthony William;1,211
An American Marriage: A Novel (Oprah's Book Club 2018 Selection);Tayari Jones;804
Giada's Italy: My Recipes for La Dolce Vita;Giada De Laurentiis;10
Publication Manual of the American Psychological Association, 6th Edition;American;4,352
To Kill a Mockingbird;Harper Lee;10,100
How Democracies Die;Steven Levitsky;181
Thug Kitchen: The Official Cookbook: Eat Like You Give a F*ck;Thug Kitchen;5,345
